filename,x,y,z,qx,qy,qz,qw
officw_1_Color.jpg,0,0,0,-0.0057781298226869619,-0.0060233153545209807,0.62449620977220388,0.7809832372516351
officw_2_Color.jpg,-2.5074112987036901,3.0918247060885484,0.0076895935508941729,-0.011581813814896764,0.0019129948447637038,-0.51023148425456066,0.85995699573575723
